k,inertia,silhouette
2,371650.85474659374,0.12117486575645227
3,329659.24115097476,0.14098083447685136
4,302672.7335821362,0.1371188244402342
5,285681.61005110934,0.13321017005350508
6,246938.9257275192,0.145363453490063
7,232616.2126880223,0.1441209180952268
8,223089.09380315538,0.14381471229169085
9,214287.7397534358,0.14565315428739822
