workclass,cnt,avg_hours,avg_age,high_income_prob
Private,33262,40.263153147736155,36.898262281281944,0.21781612651073295
Self-emp-not-inc,3795,44.43030303030303,45.36627140974967,0.2790513833992095
Local-gov,3100,40.86548387096774,41.65129032258064,0.29516129032258065
State-gov,1946,39.12178828365879,39.53031860226105,0.2672147995889003
Self-emp-inc,1645,48.60182370820669,45.82127659574468,0.5544072948328268
Federal-gov,1406,41.433143669985775,42.59317211948791,0.39046941678520625
Without-pay,21,33.95238095238095,47.285714285714285,0.09523809523809523
