region,cnt,pct_high_income,avg_hours
North America,42447,0.24932268475981811,40.97208283270903
,1874,0.17716115261472787,40.33564567769477
Asia,542,0.33579335793357934,40.201107011070114
Europe,312,0.33653846153846156,41.8525641025641
