region,cnt,pct_high_income,avg_hours
North America,45103,0.2402944371771279,40.434804780169834
,1981,0.17213528520949015,39.91367995961635
Unknown,857,0.25670945157526254,41.03267211201867
Asia,568,0.3221830985915493,39.808098591549296
Europe,333,0.3153153153153153,41.24324324324324
