workclass,cnt,high_income_prob
Self-emp-inc,1695,0.5533923303834808
Federal-gov,1432,0.39175977653631283
Local-gov,3136,0.2955994897959184
Self-emp-not-inc,3862,0.27887105126877265
State-gov,1981,0.2675416456335184
