workclass,cnt,high_income_prob
Self-emp-inc,1645,0.5544072948328268
Federal-gov,1406,0.39046941678520625
Local-gov,3100,0.29516129032258065
Self-emp-not-inc,3795,0.2790513833992095
State-gov,1946,0.2672147995889003
