k,inertia,silhouette
2,403478.522847473,0.12078961060846798
3,358111.50170358253,0.14063551934640528
4,315001.57878512464,0.14740113703427649
5,286908.7619480749,0.14535230789419792
6,269371.8146167734,0.1420967930362602
7,252849.95424037112,0.14346289002983337
8,242756.62612695247,0.14092303204067963
9,233391.232286768,0.13405088996303266
