PC1,PC2,PC3,PC4,PC5,PC6,PC7,PC8,PC9,PC10,PC11,PC12,PC13,PC14,PC15,PC16,PC17,PC18,PC19,PC20,cluster_km
1.423977069767633,0.2480391977303228,3.661865773280742,-0.36049722024205905,-1.3510189661663963,1.7635557720892636,0.12667793834202265,0.0021341925334045797,0.0033818339111982587,-0.0011324672561498596,-0.0011968631145952064,0.0063643839224234635,-0.0016856968661678347,0.005341821950636515,5.604529419149442e-05,0.002904093121064541,0.004848198586220098,0.002370472556874817,-0.0010357902555523006,0.0014605163444148042,0
-1.0664602567353176,0.4551088098672874,-0.06634212812052896,-0.023744514214029785,0.046348540234187566,0.09193960932932162,0.13189320238098903,0.04839849815077969,-0.007661352001513362,-0.012321013545994058,-0.021892550566711355,-0.015062415864345449,0.021995193717288624,-0.0014663764910526264,0.0014610404777360205,-0.004618061530662315,0.0013756217874115284,9.775824865699518e-05,-0.0009095954635165171,-0.005348493479695483,1
0.6707987077086336,-0.4176733775826516,-0.18994002663869808,0.037520923665790504,0.12389731050753323,-0.29263214188609904,-0.11811794850252727,-0.038427979141155706,0.005783239861458228,0.010087383420769248,0.017392988355082892,0.01063328499739228,-0.017067783296909715,0.0005953240948439858,-0.000984618895157448,0.0031341397568164665,-0.001956430963264432,-0.0002383393559656564,0.0008851619329764997,0.004174073983534565,2
5.338775061975886,3.808536681554351,-7.8751594949874955,1.3210871013270362,-4.63816520409574,7.137852279737204,0.29083787179869874,-0.0077688411109789034,-0.0010945899897407479,-0.024920581161684982,0.004524198040026881,0.07858134612789056,-0.0211887741993352,0.010982434178678937,-0.01876159689600254,0.02871214689773865,0.04751135419418638,-0.004674854386938955,-0.008001653088957035,-0.007003733488512716,3
